{
  "project_info": {
    "project_number": "616444667598",
    "firebase_url": "https://parkinglotmonitor.firebaseio.com",
    "project_id": "parkinglotmonitor",
    "storage_bucket": "parkinglotmonitor.appspot.com"
  },
  "client": [
    {
      "client_info": {
        "mobilesdk_app_id": "1:616444667598:android:2afc2cbb2b4b3171",
        "android_client_info": {
          "package_name": "com.example.helloworld"
        }
      },
      "oauth_client": [
        {
          "client_id": "616444667598-srhuj2822kqfo3d2m9hnuhg41q2ic6tf.apps.googleusercontent.com",
          "client_type": 1,
          "android_info": {
            "package_name": "com.example.helloworld",
            "certificate_hash": "9668c52c8f45fcc990a42ef091746c9e0dc48d19"
          }
        },
        {
          "client_id": "616444667598-el7rju8m5c1cunoomusia9hpphjjle9m.apps.googleusercontent.com",
          "client_type": 3
        }
      ],
      "api_key": [
        {
          "current_key": "AIzaSyAe1ioCBaWqXS__CtEnL2Iig_nZsEFnGYo"
        }
      ],
      "services": {
        "analytics_service": {
          "status": 1
        },
        "appinvite_service": {
          "status": 2,
          "other_platform_oauth_client": [
            {
              "client_id": "616444667598-el7rju8m5c1cunoomusia9hpphjjle9m.apps.googleusercontent.com",
              "client_type": 3
            }
          ]
        },
        "ads_service": {
          "status": 2
        }
      }
    }
  ],
  "configuration_version": "1"
}